config,criterio,recall@1,recall@3,recall@5,recall@10,mrr@10
cs128_ov0,estricto_gold_mlflow,0.0588,0.1471,0.1471,0.1765,0.1029
cs128_ov0,estricto,0.0588,0.1765,0.1765,0.2059,0.1176
cs128_ov0,fuzzy_sin_guardas,0.1471,0.2941,0.3529,0.4118,0.2375
cs128_ov0,actual,0.0588,0.1765,0.1765,0.2059,0.1176
cs128_ov10,estricto_gold_mlflow,0.0882,0.1765,0.1765,0.2059,0.1317
cs128_ov10,estricto,0.0882,0.2059,0.2059,0.2353,0.1464
cs128_ov10,fuzzy_sin_guardas,0.1471,0.2941,0.3235,0.4118,0.2351
cs128_ov10,actual,0.0882,0.2059,0.2059,0.2353,0.1464
cs128_ov25,estricto_gold_mlflow,0.0882,0.2059,0.2353,0.2647,0.1488
cs128_ov25,estricto,0.0882,0.2353,0.2353,0.2647,0.1562
cs128_ov25,fuzzy_sin_guardas,0.1471,0.2941,0.3235,0.4412,0.2339
cs128_ov25,actual,0.0882,0.2353,0.2353,0.2647,0.1562
cs256_ov0,estricto_gold_mlflow,0.2059,0.3235,0.4118,0.4706,0.2812
cs256_ov0,estricto,0.2353,0.4118,0.4706,0.5882,0.3432
cs256_ov0,fuzzy_sin_guardas,0.2647,0.4412,0.5294,0.6471,0.3785
cs256_ov0,actual,0.2353,0.4118,0.5,0.6176,0.3491
cs256_ov10,estricto_gold_mlflow,0.2353,0.3529,0.3824,0.5,0.3126
cs256_ov10,estricto,0.2647,0.4412,0.4706,0.6176,0.3754
cs256_ov10,fuzzy_sin_guardas,0.2941,0.4706,0.5,0.6765,0.409
cs256_ov10,actual,0.2647,0.4412,0.4706,0.6471,0.3796
cs256_ov25,estricto_gold_mlflow,0.2353,0.3529,0.3824,0.4706,0.3099
cs256_ov25,estricto,0.2647,0.4412,0.4706,0.5882,0.3711
cs256_ov25,fuzzy_sin_guardas,0.2647,0.4706,0.5294,0.6471,0.3917
cs256_ov25,actual,0.2647,0.4412,0.5,0.6176,0.377
cs284_ov0,estricto_gold_mlflow,0.2059,0.3529,0.4118,0.5882,0.3098
cs284_ov0,estricto,0.2353,0.4706,0.5588,0.6765,0.3745
cs284_ov0,fuzzy_sin_guardas,0.2353,0.4706,0.5882,0.7059,0.3819
cs284_ov0,actual,0.2353,0.4706,0.5588,0.6765,0.3745
cs284_ov10,estricto_gold_mlflow,0.2059,0.3529,0.4118,0.5882,0.3098
cs284_ov10,estricto,0.2353,0.4706,0.5588,0.6765,0.3745
cs284_ov10,fuzzy_sin_guardas,0.2353,0.4706,0.5882,0.7059,0.3819
cs284_ov10,actual,0.2353,0.4706,0.5588,0.6765,0.3745
cs284_ov25,estricto_gold_mlflow,0.2353,0.3824,0.4412,0.6176,0.3363
cs284_ov25,estricto,0.2647,0.4706,0.5588,0.7059,0.3971
cs284_ov25,fuzzy_sin_guardas,0.2647,0.4706,0.5588,0.7059,0.3971
cs284_ov25,actual,0.2647,0.4706,0.5588,0.7059,0.3971
